Term,Frequency
lopinavir,318
ritonavir,293
oxygen,264
hydroxychloroquine,215
chloroquine,212
remdesivir,210
water,145
ribavirin,96
tocilizumab,72
alcohol,67
creatinine,67
azithromycin,66
oseltamivir,66
steroids,66
methylprednisolone,55
glucose,54
chloroquine_phosphate,52
gs,52
serine,44
favipiravir,43
hcq,39
5734,38
arbidol,38
steroid,36
nucleoside,35
nitrogen,34
urea,34
co2,29
aldosterone,27
hydrogen,26
baricitinib,25
bilirubin,25
ethanol,25
ibuprofen,24
lpv,24
darunavir,23
hydrogen_peroxide,23
adenosine,22
cq,22
carbon_dioxide,21
pbs,21
umifenovir,20
fio2,19
l,19
lipid,19
r,19
sodium_hypochlorite,19
h2o,17
o2,17
vitamin_d,17
calcium,16
phosphate,16
dmem,15
fdg,15
heparin,15
nitazoxanide,15
paracetamol,15
penicillin,15
streptomycin,15
vitamin_c,15
acetaminophen,14
atp,14
chlorine,14
dexamethasone,14
ganciclovir,14
losartan,14
sds,14
tris,14
hydrocortisone,13
metal,13
moxifloxacin,13
sialic_acid,13
nitric_oxide,12
abidol,11
amino,11
cobicistat,11
copper,11
glutamine,11
histidine,11
low_molecular_weight_heparin,11
melatonin,11
methotrexate,11
t,11
triphosphate,11
_ritonavir,10
18f,10
acetyl,10
carbon,10
flavonoids,10
galidesivir,10
glycine,10
hcl,10
lactate,10
metformin,10
sodium,10
441524,9
buffered_saline,9
edta,9
kaletra,9
nafamostat,9
nelfinavir,9
oligonucleotides,9
quercetin,9
sarilumab,9
tweets,9
aceis,8
cr3022,8
creatine,8
daegu,8
doxycycline,8
formalin,8
iron,8
lmwh,8
nicotine,8
oil,8
paraffin,8
potassium,8
sofosbuvir,8
thiazolidinediones,8
yl,8
zanamivir,8
adalimumab,7
alanine,7
asparagine,7
camp,7
carbohydrate,7
ceftriaxone,7
chloro,7
cysteine,7
glycyrrhizin,7
gtp,7
iodine,7
levofloxacin,7
lipopolysaccharide,7
lopinavir_,7
mycophenolic_acid,7
nacl,7
niclosamide,7
paraformaldehyde,7
phe,7
qtc,7
rtv,7
sialic_acids,7
teicoplanin,7
amine,6
arg,6
arginine,6
aspirin,6
azathioprine,6
benzalkonium_chloride,6
bis,6
dapi,6
dmso,6
eea,6
f,6
gdp,6
glutaraldehyde,6
guanosine,6
hydroxychloroquine_sulfate,6
leucine,6
lipids,6
lysine,6
midazolam,6
morphine,6
no2,6
olmesartan,6
penciclovir,6
pioglitazone,6
prednisone,6
proline,6
rapamycin,6
rituximab,6
ros,6
selenium,6
sialoside,6
sugar,6
tacrolimus,6
tyrosine,6
agarose,5
amines,5
amiodarone,5
amp,5
baicalin,5
captopril,5
catecholamines,5
chlorhexidine,5
chlorhexidine_digluconate,5
chloroform,5
cholesterol,5
clarithromycin,5
cortisol,5
crystal_violet,5
cyclodextrin,5
cys,5
disulfide,5
dobutamine,5
dulbecco's_modified_eagle's_medium,5
eosin,5
epinephrine,5
favilavir,5
fentanyl,5
ganglioside,5
gly,5
glycan,5
glycopeptide,5
glycyrrhizic_acid,5
hematoxylin,5
hepes,5
heptad,5
huoshenshan,5
hydroxy,5
hydroxyferroquine,5
lactic_acid,5
macrolide,5
macrolides,5
methadone,5
methanol,5
mycophenolate_mofetil,5
oligonucleotide,5
peptides,5
peramivir,5
phosphoramidate,5
povidone,5
saline,5
saquinavir,5
stainless_steel,5
sunitinib,5
tcm,5
tcz,5
tofacitinib,5
uranyl_acetate,5
32p,4
acid,4
acyclovir,4
amide,4
amoxicillin,4
asa,4
ascorbic_acid,4
asp,4
aspartate,4
benzodiazepines,4
camostat_mesylate,4
carbohydrates,4
catecholamine,4
cephalosporins,4
chlorpromazine,4
clozapine,4
colchicine,4
cr3014,4
cs,4
cyclophosphamide,4
dmem_medium,4
dorscon_orange,4
emetine,4
emodin,4
enoxaparin,4
ether,4
fitc,4
flavonoid,4
formaldehyde,4
gs_441524,4
hydroxyvitamin_d,4
imatinib,4
infliximab,4
interferon,4
ivermectin,4
lead_citrate,4
leishenshan,4
lys,4
meropenem,4
methyl,4
n4,4
nickel,4
nucleosides,4
o3,4
oh,4
ozone,4
peracetic_acid,4
phenylalanine,4
phosphate_buffered_saline,4
piperacillin,4
po2,4
polyacrylamide,4
polymer,4
polyphenols,4
povidone_iodine,4
prednisolone,4
pro,4
propofol,4
quinine,4
quinoline,4
rbv,4
reactive_oxygen_species,4
receptor,4
remdisivir,4
resveratrol,4
ruxolitinib,4
ser,4
silver,4
sodium_pyruvate,4
streptozotocin,4
sucrose,4
tambien,4
tazobactam,4
tbil,4
tenofovir,4
testosterone,4
tp,4
trizol,4
xiyanping,4
zmapp,4
_adenine_c,3
1b,3
1beta,3
"2,1",3
acetylneuraminic_acid,3
alcohols,3
alum,3
ammonium_chloride,3
amphotericin_b,3
anthraquinone,3
arbidol_hydrochloride,3
aspartates,3
atazanavir,3
ay274119,3
aza,3
baloxavir,3
benzyl,3
buprenorphine,3
calcein,3
cefepime,3
ceftazidime,3
cepharanthine,3
ciclosporin,3
cinnamaldehyde,3
cisatracurium,3
citris,3
ctp,3
cyclosporine,3
diamidino,3
doffing,3
dulbecco's_modified_eagle_medium,3
e,3
eculizumab,3
erlotinib,3
ethyl_alcohol,3
eur_urol,3
fedratinib,3
fluorenone,3
fluorescein_isothiocyanate,3
gentamicin,3
ggo,3
glu,3
glucosteroids,3
glycans,3
glycerol,3
guaifenesin,3
hcq_,3
hesperetin,3
homoharringtonine,3
hydroxycytidine,3
hypochlorite,3
indirubin,3
isopropanol,3
isopropyl_alcohol,3
lidocaine,3
linezolid,3
lipid_bilayer,3
lipofectamine_2000,3
lisinopril,3
luminal,3
mda,3
methicillin,3
metronidazole,3
monophosphoramidate,3
mycophenolate,3
naproxen,3
norepinephrine,3
nt,3
ntd,3
ntp,3
ntps,3
nucleotide,3
ofloxacin,3
ondansetron,3
osmium_tetroxide,3
p,3
p3,3
pao2,3
peg,3
pegylated_interferon,3
phenylindole,3
platinum,3
polymers,3
predetermine,3
propanol,3
pseudo,3
purine,3
pvdf,3
pyrrolo,3
pyruvate,3
quinolone,3
quinolones,3
rdv,3
remdesevir,3
retinoic_acid,3
ribose,3
rocuronium,3
rsv,3
saikosaponins,3
salt,3
sialic,3
sirolimus,3
situazione,3
succinylcholine,3
sulfonylureas,3
tamoxifen,3
tb,3
telmisartan,3
temozolomide,3
tetrandrine,3
threonine,3
thymoquinone,3
triazin,3
triol,3
utp,3
valine,3
valrubicin,3
valsartan,3
vancomycin,3
vitamin_a,3
vitamin_d3,3
_c,2
_d,2
"1,3,8",2
"1,4",2
100802,2
3_fatty_acids,2
"3,5",2
3tc,2
"7,9",2
a,2
abhr,2
abidol_hydrochloride,2
ace,2
acep,2
acetate,2
acetazolamide,2
acetone,2
adamantane,2
adenosines,2
adjuvantes,2
alanyl,2
alexa_488,2
alfa,2
alkylamino,2
aluminum,2
amantadine,2
ambroxol,2
amino_acid,2
amino_acids,2
aminoquinoline,2
aminoquinolines,2
andrographolide,2
angiotensin,2
angiotensin_receptor_1,2
angiotensin_type_1,2
angiotension,2
apometallothioneins,2
arachidonic_acid,2
arbs,2
aromatic_hydrocarbons,2
asn,2
asn28,2
atorvastatin,2
ay278488,2
azacitidine,2
azacytidine,2
azauridine,2
baloxavir_marboxil,2
basic_amino_acids,2
benzene,2
benzimidazole,2
benzylisoquinoline,2
bepotastine,2
bevacizumab,2
bg,2
bi,2
bictegravir,2
biomedicine,2
bleomycin,2
brequinar,2
bromhexine,2
caco,2
carbapenem,2
carbons,2
carboxyfluorescein,2
carfilzomib,2
cck,2
cd,2
cefoperazone,2
cefuroxime,2
certolizumab,2
chloride,2
chlorine_dioxide,2
chloroquine_diphosphate,2
chloroquinolin,2
choloroquine,2
cinanserin,2
cisplatin,2
citrox,2
clq,2
cmc,2
co,2
csa,2
cycloheximide,2
cyclosporin_a,2
cys145,2
danoprevir,2
dapsone,2
dasatinib,2
dds,2
delta,2
diazepam,2
didanosine,2
diethyl,2
dipeptides,2
dipyridamole,2
disulfiram,2
doac,2
doacs,2
docosahexaenoic_acid,2
dolutegravir,2
dopamine,2
dt,2
du,2
eicosapentaenoic_acid,2
emem,2
enalapril,2
epirubicin,2
epoprostenol,2
estradiol,2
etco2,2
ethylenediaminetetraacetic_acid,2
everolimus,2
fad,2
fangchinoline,2
fatty_acid,2
fc,2
fcv,2
fl,2
flavone,2
fluorescein,2
fluoroquinolones,2
fluorouracil,2
formoterol,2
fu,2
galactoside,2
gangliosides,2
glucoside,2
glucosides,2
glutamate,2
glutathione,2
glycosides,2
gmp,2
graphene,2
gtr,2
guanosine_triphosphate,2
h2o2,2
h3,2
hcovs,2
helichrysetin,2
heparins,2
hesperidin,2
hfno,2
his41,2
his6,2
hoechst_dye,2
hubei,2
hydrazone,2
hydrocarbons,2
hydrogens,2
hydroxycholoroquine,2
hydroxyl,2
hydroxymethyl,2
hydroxytryptamine,2
i,2
ifn,2
indomethacin,2
inhibitors,2
inositol,2
isopropyl_ester,2
k417,2
kaempferol,2
ketoamide,2
ketone,2
laemmli_sample_buffer,2
lamivudine,2
laninamivir,2
lcv,2
leflunomide,2
leu,2
linolenic_acid,2
lopinavir_ritonavir,2
lps,2
lycorine,2
lys31,2
lys353,2
lysophosphatidylcholine,2
magnesium,2
magnesium_pyrophosphate,2
mannose,2
mefloquine_hydrochloride,2
mercaptopurine,2
mes,2
mesalamine,2
met82,2
methamphetamine,2
methoxytryptamine,2
methylpredisolone,2
mg2,2
mgs,2
minimum_essential_medium,2
minocycline,2
mk,2
moisture,2
monophosphate,2
monophosphoryl_lipid_a,2
monosaccharides,2
mp,2
mtt,2
mtx,2
n1,2
n343,2
nai,2
naloxone,2
nao,2
netmhcpan,2
nh3_,2
nh4cl,2
nicotianamine,2
nicotinamide,2
nifedipine,2
nippv,2
nitrile,2
nivolumab,2
noradrenaline,2
nucleoside_triphosphate,2
nucleotide_triphosphate,2
obatoclax,2
ocrelizumab,2
oligosaccharide,2
omega,2
opine,2
oseltamivir_carboxylate,2
oseltamivir_phosphate,2
ouabain,2
oxytocin,2
p1,2
paclitaxel,2
palmitic_acid,2
paraquat,2
pazopanib,2
pbsa,2
pc,2
pegol,2
phtalaldehyde,2
pi,2
piba,2
plaquenil,2
pm10,2
polydimethylsiloxane,2
polyethylene,2
polyethylene_glycol,2
polyphenol,2
polyphenolic_compounds,2
polypropylene,2
polyu,2
prostaglandins,2
pyridone,2
q,2
quaternary_ammonium,2
quaternary_ammonium_chloride,2
radioiodine,2
riboflavin,2
rivaroxaban,2
rmb,2
ropivacaine,2
rosiglitazone,2
sab,2
saccharide,2
sao2,2
scutellarin,2
semicarbazone,2
serotonin,2
setrobuvir,2
sfjdc,2
silvestrol,2
sitosterol,2
sodium_chloride,2
spo2,2
srr10168377,2
srr10168378,2
starches,2
sulfate,2
tcb,2
tenofovir_alafenamide,2
tenofovir_disoproxil,2
terpenoids,2
tetracycline,2
th2,2
thalidomide,2
theophylline,2
thio,2
thiopurine,2
thiopurines,2
thr31,2
thr82,2
throes,2
tilorone,2
tizoxanide,2
tkm,2
tpp,2
tps,2
trastuzumab,2
triazole,2
tricarboxylic_acid,2
trioxa,2
tween_20,2
ufh,2
uridine,2
ustekinumab,2
vedolizumab,2
venetoclax,2
voriconazole,2
warfarin,2
wathet_blue,2
xinhuanet,2
_acetamides,1
_acetamido,1
_amino_acids,1
_apy,1
_azm,1
_b,1
_bs,1
_carboxamides,1
_chloroquine,1
_e,1
_hydroxychloroquine,1
_j,1
_n_dimethyl_amino,1
_number,1
_phenyl,1
_q,1
_quinoxaline,1
_ribofuranosyl_5,1
74,1
1_,1
1_aziridine,1
1_blocker,1
"1,2,3",1
"1,2,4",1
"1,7,9",1
11r,1
12_medium,1
12ma,1
13c,1
13h,1
1479,1
163491,1
17ss,1
199v_medium,1
19ap,1
19s,1
2_sanofi,1
"2,3",1
"2,5",1
"2,7",1
"2,8,9",1
2019,1
2nucleic_acid,1
"3,3",1
"3,4_diaminopyridine",1
"3,4dihydropyrimidone",1
"3,5,7",1
3207,1
34833,1
3beta,1
3cl,1
3clpro,1
411524,1
443902,1
4r,1
5_feb,1
"5,5",1
"5,6",1
"5,8",1
57324,1
5806,1
5h,1
6_,1
64d,1
6h,1
6hbs,1
6his,1
6mp,1
6r,1
6tg,1
7501,1
7h,1
80r,1
8h,1
9h,1
a109,1
a475,1
aabb,1
aac_amino_acid,1
aagl,1
aami,1
aana,1
aav,1
abb,1
abemaciclid,1
abrazadera,1
abt,1
abt450,1
acacetin,1
ace2ace2,1
acetazolamine,1
acetyl_benzimidazoles,1
acetyl_cysteine,1
acetylated,1
acetylcysteine,1
acetylgalactosamine,1
acetylmuramoyl,1
acgme,1
ach,1
acids,1
aconitine,1
acridanone,1
acrylic,1
actinomycin_d,1
acyclovir_fleximer,1
adamantanes,1
adata,1
adeflavin,1
adenine,1
adenine_nucleotides,1
adh,1
adivar,1
adjuvant_interferon,1
adme,1
admet,1
adrecizumab,1
adrenaline,1
adt,1
advaccine,1
advax,1
aeeh,1
aeg,1
aescin,1
afor_bevacizumab,1
afzelin,1
agar,1
agm,1
agmp,1
agnp,1
agz48806,1
ahaas,1
aivig,1
al,1
al_dia_desde,1
ala,1
ala627val,1
alafenamide,1
alb35880,1
alcoholic,1
ald518,1
aldehyde,1
alex_fluor_568,1
alexa_fluor_488,1
alexa_fluor_594,1
alexa_fluor_647,1
alexa_fluor_680,1
alfentanil,1
aliskiren,1
alisporivir,1
alkylbenzoic_acids,1
alkylphenol,1
all,1
aloxicillin,1
alpha_lipoic_acid,1
alphain,1
alum_adjuvants,1
aluminium,1
aluminum_phosphate,1
alvimopan,1
am,1
ambmxol_hydochloride,1
ambu,1
amies_medium,1
amiloride,1
amino_acidic,1
aminoethyl,1
aminoimidazole_carboxamide_ribonucleotide,1
aminoquinolin,1
amixin,1
amixin__ic,1
amixine,1
amlodipine,1
ammonia_chloride,1
ammonium_sulfate,1
amodiaquine,1
amotosalen,1
amoxicillinazithromycinfluoroquinolones,1
amoxyclav,1
amphetamines,1
amphotericin,1
amy,1
angestrebt,1
angiontensin,1
angiotensin_2_receptor_blockers,1
angiotensin_inhibitors,1
angiotensin_peptide,1
angiotensin_peptides,1
angiotensin_receptor,1
angiotensin1,1
angiotensinconverting,1
angiotestin_ii,1
ani,1
anilide,1
ans,1
antechamber,1
aone_nucleotide,1
apilimod,1
apixaban,1
ara,1
arb,1
arbidol_mesylate,1
arg106,1
arg426,1
arg46,1
arg479,1
arginine_r,1
argon,1
argx,1
arima,1
aristolochic_acids,1
aromatic_amino_acids,1
arsenic_trioxide,1
artemisinin,1
artemisinin_piperaquine,1
artesunate_and_amodiaquine,1
arylamido,1
arylboronic_acids,1
as,1
asc09,1
asc09f,1
asn119,1
asn31,1
asn330,1
asn426,1
asn501,1
asn638ser,1
asn720asp,1
asp38,1
asp480,1
aspartic_acid,1
asq,1
astemizole,1
ato,1
atorvastin,1
atra,1
au,1
aunis,1
aventis,1
avipiravir,1
ay278489,1
ay278491,1
ay297028,1
ay304486,1
ay304495,1
ay310120,1
ay508724,1
ay525636,1
ay714217,1
az,1
azanaphthalene,1
azc,1
azelastine,1
azilsartan,1
azithomycin,1
azithromyc,1
azm,1
azolo,1
azvudine,1
b0363s,1
b1b,1
b6ra,1
bafilomycin_a,1
bafilomycin_a1,1
balzarini,1
bananin,1
bananin_1,1
bananin_5,1
bap31,1
barcitinib,1
baricitinb,1
base,1
basic_amino_acid,1
basic_ethers,1
bcx4430,1
bdmards,1
be,1
belachinal,1
benazepril,1
benzalkoniumchloride,1
benzimidazoles,1
benzo,1
benzodioxole,1
benzotriazol,1
benzyloxygramine,1
benzylpenicillin,1
beta_1b,1
betacd,1
betacq,1
betulin,1
beunruhigende_nachrichten,1
bi6,1
bic,1
bicu,1
biflavonoids,1
biguanides,1
bile_acid,1
bilobalide,1
binding_agents,1
bioflavonoids,1
biotin,1
bipartite,1
biscoclaurine_alkaloid,1
bisphosphate,1
bisphosphonates,1
bivig,1
bj01,1
bjarne,1
blancoxanthone,1
blasticidin,1
blinatumomab,1
blue_food_coloring,1
bms945429,1
bn,1
bnp,1
bolazine_b,1
boletines,1
boot_camp,1
borate,1
bortezomib,1
brendahogue,1
brilacidin_a,1
bromhexine_hydrochloride,1
bromo,1
bromophenol_blue,1
bronconeumol,1
bsl2_,1
btbc,1
bu,1
budesonide,1
bufalin,1
buffered_saline_with_tween,1
buformin,1
butanol,1
butyl,1
butyl_ester,1
butyl_phosphate,1
butyrate,1
c27h35n6o8p,1
ca,1
ca2,1
caa,1
cacl2,1
cadmium,1
caffeic_acid,1
caffeic_acid_phenethyl_ester,1
calcein_am,1
camostat_mesilate,1
campi,1
camptothecin,1
candesartan,1
cannabidiol,1
capecitabineafter,1
capsaicin,1
capstone,1
car,1
carbenoxelone,1
carbenoxolone,1
carbetocin,1
carbon_monoxide,1
carbonate,1
carboprost_tromethamine,1
carboxy,1
carboxylate,1
carboxymethyl,1
carboxymethyl_cellulose,1
carg,1
carnitine,1
carotene,1
carrimycin,1
cas13a,1
caspofungin,1
catechin_gallate,1
catechins,1
cba,1
ccl,1
cctv,1
cda,1
cdc03,1
cdc04,1
cdmem,1
cdp6038,1
cds,1
cdv,1
cefixime,1
cefoperazone_sulbactam_sodium,1
cefoselis,1
cefpodoxime,1
cefuroxime_axetil,1
celastrol,1
celecoxib,1
cellulose_acetate,1
cep,1
cephaeline,1
cephalosporin,1
cepheid,1
cepi,1
ceramide,1
cercano,1
cg23232263,1
cgm,1
cgmh1,1
cgmp,1
cgtv,1
ch,1
chain_fatty_acid,1
chalcones,1
chenodeoxycholic_acid,1
chl,1
chlorambucil,1
chloramphenicol,1
chloraprep,1
chlorcyclizine,1
chlorhexidine_gluconate,1
chlorinated_disinfectant,1
chlorogenic_acid,1
chloromethyl,1
chloromethylcoumarin,1
chloromethylketone,1
chloroquin,1
chloroquine__interferon,1
chloroquineremdesivir,1
chloroxylenol,1
chlorpheniramine,1
chlorquine,1
choe,1
chol,1
cholecalciferol,1
cholesteryl,1
choloroquin,1
cholroquine,1
chq,1
chq_base,1
chromium,1
ciclesonide,1
cidex,1
cimzia,1
cinchona_alkaloids,1
cinnamic_amides,1
ciprofloxacin,1
cis,1
cisdcp,1
cit,1
citric_acid,1
civig,1
cl,1
clavulanate,1
clazakizumab,1
clomipramine,1
clopidogrel,1
cloroquine,1
clpro,1
cmac,1
cmh2o,1
cmp,1
cnbc,1
co2_carbon_dioxide,1
coa,1
cobalt,1
coc,1
coenzyme_a,1
coffee,1
conivaptan,1
coo,1
copolymer,1
copper_metal,1
corticosteriods,1
cortisteroid,1
cotrimoxazole,1
coumaric_acid,1
coumarine,1
couronne,1
cov,1
cpa,1
cpam,1
cpg_adjuvants,1
cpg_dinucleotides,1
cq_phosphate,1
cr3013,1
crenolanib,1
cresol,1
crocin,1
cs_corticosteroids,1
ctd,1
ctds,1
cu,1
curcumin,1
cy,1
cy3,1
cyanidin_3,1
cyanine,1
cybord,1
cyclic_gmp,1
cyclic_hydrocarbon,1
cyclic_olefin,1
cyclic_olefin_copolymer,1
cyclic_pep42,1
cyclic_peptide,1
cyclodextrins,1
cycloferon,1
cyclohexane,1
cycloolefinic_copolymers,1
cyclosporine_a,1
cys_disulfide,1
cysteine_c,1
cystine,1
cytidine_triphosphate,1
cytochalasin_b,1
cytosine,1
cytosines,1
d_,1
d143,1
d30,1
d514,1
d652,1
daa,1
dabigatran,1
dacarabazine,1
dacarbazine,1
dactinomycin,1
dada,1
dal1025,1
dalteparin,1
dapagliflozin,1
dapt,1
daratumumab,1
daratumumab_lenalidomide,1
datp,1
dcb,1
dci,1
dcs,1
dctp,1
ddg,1
decahydroisoquinolin,1
decitabine,1
deferiprone,1
dehydroemetine,1
den,1
deoxycholic_acid,1
derivate,1
derivate_solution,1
des,1
desaminotyrosine,1
desembarcaram,1
deuterium,1
dex,1
dexcom,1
dexmedetomidine,1
dextran,1
dextran_sulfate,1
dextrans,1
dextro,1
dextromethorphan,1
dfsas,1
dfsds,1
dgsmp,1
dha,1
diadiazin,1
diamine,1
diarylheptanoids,1
dichloroacetate,1
dideazaadenosine_c,1
dideazaadenosine_nucleobase,1
dideoxystreptamine,1
dieckol,1
diethylamino,1
difluorophenacetyl,1
dig,1
dig_dis,1
digital_media,1
digitoxigenin,1
digitoxin,1
digoxigenin,1
digoxin,1
dihydro,1
dihydrochloride_salt,1
dihydroergocristine,1
dihydroergocristine_a,1
dihydrophenanthridine,1
diisobutyryl,1
diisopropylamine_dichloroacetate,1
dimethyl_sulfoxide,1
dimethylaminomethyl,1
dione,1
diosmin,1
diosmin_a,1
dioxin,1
dip,1
dipeptide,1
diphenidol,1
dipropylaminoacetamido,1
dirac,1
disulfides,1
disulfiram_thiuram,1
ditercalinium,1
dithio,1
dithiothreitol,1
dmed,1
dmhas,1
dmp,1
dmv,1
dn,1
dnr,1
dntp,1
do,1
do2,1
docetaxel,1
dofetilide,1
dorscon_red,1
doxorubicin,1
doxorubicine,1
dp,1
dpbs,1
dpc,1
dpp4h,1
drd,1
dulbecco_modified_eagle_medium,1
dulbecco's_mem,1
dump,1
dupilumab,1
dxy,1
e1163,1
e1176,1
e1182,1
e329,1
e702,1
eagle_medium,1
eagle's_medium,1
eagle's_minimum_essential_medium,1
eano,1
earle's_minimum_essential_medium,1
eas,1
ebmedicine,1
ebselen,1
eclinicalmedicine,1
edaravone,1
edoxaban,1
efavirenz,1
egs,1
eicosapentaenoic_acd,1
eight,1
elbasvir,1
eletriptan,1
els,1
emdoin,1
emedicine,1
emetine_dihydrochloride,1
emetine_hydrochloride,1
emoghrelin,1
emtansine,1
emtricitabine,1
enasidenib,1
entecavir,1
enzyme_ii,1
epigallocatechin_gallate,1
epirisk,1
eplerenone,1
eps,1
eq_,1
equilin,1
eravacycline,1
ergosterol,1
escitalopram,1
esomeprazole,1
espghan,1
et_adjuvante,1
et_adjuvants,1
et_cyclophosphamide,1
ethanamine,1
ethanolamine,1
ethene,1
ethoxy,1
ethyl,1
ethylamino,1
ethylene_oxide,1
ethylene_terephtalate,1
etodolac,1
etomidate,1
etoposid,1
etoposide,1
eudesmol,1
evagreen,1
evans_blue,1
evo,1
fans,1
fapilavir,1
farzan,1
fats,1
fe301,1
felodipine,1
femtoseconds,1
feno,1
fernandes,1
fetp,1
fibrates,1
filgotinib,1
fingolimod,1
fk_124016,1
fk506,1
flavagline,1
flavin_adenine_dinucleotide,1
flavonoid_glycosides,1
fleximer,1
fluconazole,1
fludarabine_phosphate,1
fludrocortisone,1
flufenamic_acid,1
fluoren,1
fluorene,1
fluorenol,1
fluorescein_amidite,1
fluorinated_aristeromycin,1
fluorine,1
fluoro,1
fluorodeoxyglucose,1
fluorouridine,1
flutamide,1
fluticasone_propionate,1
fm101,1
fmb,1
folate,1
folic_acid,1
fomepizole,1
formamide,1
formazan,1
formic_acid,1
formontein,1
formvar,1
fpa,1
fpv,1
free_fatty_acids,1
free_radical,1
free_radicals,1
freund's,1
friedelanol,1
frovatriptan,1
fructusforsythiae,1
fujimycin,1
fungizone,1
furandom,1
furosemide,1
fy,1
g143,1
ga,1
ga_c17,1
gadolinium,1
gallic_acid,1
gallocatechin_gallate,1
galnac,1
galnac_ganglioside,1
gamma,1
ganglioside_gm1,1
ganovo,1
gastroenterol_hepatol,1
gbd,1
gbp,1
gcv,1
gdps,1
gem,1
gemcitabine,1
genistein,1
gentamicin_sulfate,1
gfb,1
ggos,1
gilteritinib,1
ginkgolic_acid,1
ginkgolic_acid_c,1
ginkgolic_acids,1
ginkgolide_a,1
ginsenoside,1
ginsenoside_rg1,1
glabridin,1
glc,1
glimepiride,1
glitazones,1
gln,1
gln300x,1
gln493,1
glu35,1
glu38,1
glucan,1
glucocorticosteroid,1
glutamax,1
glutamine_q,1
glutardialdehyde,1
glutarimide,1
gly480,1
glycine_g,1
glycine_gel,1
glycolipid,1
glycolipids,1
glycopyrrolate,1
glycopyrronium,1
glycosaminoglycans,1
glycoside,1
glyde,1
gm1,1
gm1_ganglioside,1
gold_sodium_thiomalate,1
golimumab,1
gs5734,1
gse4588,1
gsea,1
gses,1
gsg,1
guanidine_hydrochloride,1
guanidine_salt,1
guanidinium,1
guanine,1
guanines,1
guano,1
guayaquil,1
gypsum,1
h2,1
h2_o,1
h20,1
h3663,1
hace2s,1
halogenated_hydrocarbons,1
haloperidol,1
hank's_balanced_salt_solution,1
harvoni,1
hbc,1
hbm,1
hcd26s,1
hchl,1
hcov,1
hcq_sulfate,1
hcw,1
he,1
heme,1
hepa,1
heparan,1
heparan_sulfate,1
heparinization,1
herbacetin,1
herbacetine,1
hesperidin_a,1
hexahistidine,1
hexamethylene_amiloride,1
hexopyranose_monosaccharides,1
hfo,1
hfov,1
hifu,1
hig,1
his,1
his353,1
his60_ni,1
his60_ni_superflow,1
his60_ni_superflow_resin,1
hispidin,1
histamine,1
histaminic,1
histidine_h,1
histidines,1
histotechnol,1
hoechst_33342,1
homocysteine,1
homorringtonine,1
hosp,1
humira,1
hyaluronic_acid,1
hydralazine,1
hydro,1
hydrocarbon,1
hydrocholoroquine,1
hydrosol,1
hydrossichloroquine,1
hydroxichloroquine,1
hydroxy_chloroquine,1
hydroxy_chloroquine_sulfate,1
hydroxy_naphthol_blue,1
hydroxychloquine,1
hydroxychloroquine_phosphate,1
hydroxyethyl,1
hydroxyethyl_starches,1
hydroxypropyl,1
hydroxytyrosol,1
hydroxyurea,1
hypericin,1
hypo,1
hypothiocyanite,1
hypoxamie,1
i:c,1
ibid,1
ibrutinib,1
ibuprofene,1
ibuprofeno,1
ies,1
ifa,1
ifnlambda,1
ifos,1
ifosfamide,1
ii,1
ikarugamycinmolsidomine,1
ile468val,1
ilioprost,1
imidazole,1
inchoate,1
indanthrone,1
indigodole_a,1
indigodole_b,1
indinavir,1
indiscriminate,1
indoline,1
indolinecarboxylate,1
indolylphosphate,1
inducerbananin,1
inebilizumab,1
influenza_a_antigen,1
inhibitor,1
inosine_monophosphate,1
inteferon,1
interferonalfa,1
iodophor,1
ipbcams,1
ipdma,1
iptg,1
irbesartan,1
isobavachalcone,1
isobavaschalcone,1
isoleucine,1
isotretinoin,1
ivosidenib,1
ixazomib,1
jakotinib_hydrochloride,1
jeet,1
josep_rizo,1
juglanin,1
k911,1
k933,1
kagocel,1
kanamycin,1
kangbingdu_oral_liquid,1
kcgmh,1
kcl,1
ketamine,1
ketoamides,1
ketoglutamine,1
ketones,1
ketorolac,1
kf94,1
kr2009128837,1
krd,1
l472,1
lactams,1
lactose,1
lactucopicrin_15,1
lags,1
lanthanide,1
lauco_crystal_violet,1
lavomax,1
lb,1
le_traitement_adjuvant,1
lebende,1
ledipasvir,1
lenalidomide,1
lepidine,1
lepidine_e,1
leu27,1
leu455,1
leu472,1
leu731ile,1
leu731phe,1
leuco_triphenylmethane,1
leucocrystal_violet,1
leukotrienes,1
levomepromazine,1
levopromazine,1
licl,1
licorice_extract,1
linked_glycans,1
lipid_a,1
lipid_amide,1
lipofectamine,1
lipofectamine_3000,1
liponavir,1
lipoperoxides,1
lipophilic_acid,1
lipopolysaccharides,1
lipoxins,1
lithium,1
lobinavir,1
loparinir,1
loperamide,1
loperamide_oxide,1
lopinavir_and_ritonavir,1
lopinaviritonavir,1
lopinavirritonavir,1
lopinivir,1
loprazolam,1
lorazepam,1
lornoxicam,1
losartsan,1
loxapine,1
lpc,1
lqg,1
lu,1
lumacaftor,1
lurasidone,1
luteolin,1
lutetium,1
lwmh,1
lys26arg,1
lys48,1
lysogeny_broth,1
lysophosphatidylethanolamine,1
lysotracker_red,1
lz,1
m396,1
macaflavanone_e,1
magnesium_sulfate,1
malondialdehyde,1
man,1
manganese,1
mannitol,1
marine_macrolide,1
mdrgnb,1
me,1
med,1
median_hydrocortisone,1
medoxomil,1
mefloquine,1
mem,1
mem_medium,1
mercapto,1
mercaptoethanol,1
mesalazine,1
methionine,1
methisazone,1
methoxycryptopleurine,1
methyl_cellulose,1
methyl_prednisolone,1
methyl_thiazolyl_tetrazolium,1
methylanthraquinone,1
methylene_blue,1
methylguanosine,1
methylprednisolone_sodium_succinate,1
methylprednisone,1
metil,1
metilprednisolona,1
metodos,1
mf59,1
mfolfox6,1
mg,1
mg132,1
mgcl2,1
mica,1
midostaurin,1
mih,1
minerva_urol_nefrol,1
mitarbeitende,1
mizoribine,1
ml188,1
ml300,1
mlu,1
mmtris,1
mn2,1
mn975262,1
mn996527,1
mna,1
mncl2,1
mng,1
moexipril,1
mol376,1
monalizumab,1
monensin,1
monensin_sodium,1
monoamines,1
monodesethylchloroquine,1
monophosphates,1
monophosphoramide,1
monophosphoryl,1
montanide_isa,1
montanide_isa51,1
morpholin,1
moxa,1
moxifloxacin_hydrochloride,1
mpa,1
mpla,1
mpla_adjuvant,1
msa,1
mso,1
mtiopenscreen,1
muramyl_dipeptide,1
mycophenolic_acidgrazoprevirtelaprevirboceprevir,1
mycostatin,1
myo,1
myohaemoglobin,1
myricetin,1
myricitrin,1
n_,1
n1172,1
n139,1
n142,1
n2,1
n330,1
n357,1
n4_hydroxycytidine,1
n479,1
n487,1
n68,1
n82,1
na,1
na3po4,1
naadp,1
nabr,1
nabs,1
nac,1
nad,1
nad_p2,1
nad_p3,1
nadp,1
nafamostat_mesilate,1
nafamostat_mesylate,1
nahum_lh,1
nais,1
naisat,1
nas,1
natalizumab,1
ncovr,1
neb,1
nelfinavir_nelfinavir,1
neo,1
neoadjuvant_chemother,1
neu5ac,1
nhc,1
nhs_111,1
ni,1
ni_almidones,1
nic,1
niclosamide_ethanolamine,1
nicora,1
nilotinib,1
nimesulide,1
nitrilotriacetic_acid,1
nitroanilide,1
nitroblue_tetrazolium,1
nitroimidazole,1
nitroimidazoles,1
nitrous_oxide,1
nmc,1
nmdd,1
nonidet_p,1
norbornene,1
noscapine,1
not,1
nt28144,1
nta,1
ntds,1
ntu03,1
ntz,1
nuclear_acid,1
nucleoside_phosphate,1
nucleozin,1
nylon,1
nympholide_a,1
nystadin,1
o2sat,1
octet_red,1
octreotide,1
oea,1
olanzapine,1
oleanane,1
oleic_acid,1
olena_zimba,1
oleoylethanolamide,1
oligosaccharides,1
olokizumab,1
olumiant,1
omacetaxine,1
omacetaxine_mepesuccinate,1
oncomine,1
one,1
op0187_hydroxychloroquine,1
opti,1
ortho,1
oseltamivir_oxygen,1
oseltamivir2,1
osimertinib,1
oxalate,1
oxaliplatin,1
oxime,1
oxiris,1
oxo,1
oxygen_o2,1
oxygens,1
p2,1
pa,1
pac,1
paco2,1
paeony,1
palm_oil,1
palmitoleic_acid,1
pandaemonium,1
pandemonium,1
pangolin,1
pangolins,1
pantoprazole,1
paramivir,1
paritaprevir,1
paroxetine,1
pb,1
pbst,1
pbw,1
pcb,1
pd_128363,1
pdms,1
pectolinarin,1
peg4,1
peg8000,1
peginterferon,1
pei,1
penecillin,1
penicillin_g,1
pentane,1
pentanediamine,1
pentoxifylline,1
pentyl,1
pep42,1
peptide,1
peptide_epoxide,1
peptidyl_aldehydes,1
peptidyl_alpha,1
peptidyl_bisulfite,1
peptidylchloroalkylketones,1
perampanel,1
perfluoroalkyl_substances,1
perindopril,1
perphenazine,1
pethidine,1
pfu,1
pge2,1
phe140,1
phe442,1
phe472,1
phe486,1
phenanthroindolizines,1
phenanthroquinolizidines,1
phenazopyridine,1
phenformin,1
phenol,1
phenylalanine_chloromethyl,1
phenylalanine_f486,1
phenylephrine,1
phenylglycine_t,1
phocine,1
phosphatidylglycerol,1
phosphatidylinositol,1
phosphoinositides,1
phosphotungstic_acid,1
photofrin,1
phthalhydrazide,1
phyllaemblicin_b,1
pibd,1
pipa_lu,1
pipac,1
piperacillin_sodium_tazobactam_sodium,1
pirfenidone,1
pis,1
pj34,1
plpro,1
pm,1
pma,1
pmma,1
po_hydroxychloroquine,1
poly,1
poly_,1
poly_i,1
polya,1
polyamide,1
polydimethyl_sulfoxide,1
polyetherimide,1
polyimide,1
polylactic_acid,1
polysterene,1
polyuridine,1
polyuridines,1
polyvinylidene_fluoride,1
pon812,1
ponatinib,1
pone,1
potassium_penicillin,1
ppa,1
pps,1
pptx,1
prcv,1
presatovir,1
primaquine,1
pro472,1
procyanidins,1
progesterone,1
proline_p,1
promazine,1
promethazine,1
propiolactone,1
propranolol,1
propylene_oxide,1
prospero,1
prostacyclin,1
prostacyclins,1
prt,1
prulifloxacin,1
prussian_blue,1
pseaac,1
pseaac_pseudo,1
pt,1
ptcog,1
ptcy,1
purine_nucleoside,1
purine_nucleotide,1
purines,1
puromycin,1
pyrane,1
pyranoxanthones,1
pyrazofurin,1
pyrethroid,1
pyridin,1
pyridinyl,1
pyridostigmine,1
pyrimethamine,1
pyrimidine,1
pyrimidone,1
pyronaridine_tetraphosphate,1
pyrrolidinoacetamido,1
pyrrolidinyl_peptide,1
pyrrolidinyl_peptide_nucleic_acid,1
pyrvinium_pamoate,1
q325,1
qfd,1
qfpdd,1
qhts,1
qq,1
quaternary_ammonium_compound,1
quaternary_ammonium_compounds,1
quecertin,1
quercetin_3,1
quinapril,1
quinazolin,1
quinolinecarboxylate,1
quinolines,1
quinolinyl,1
quinone,1
quizartinib,1
r_arginine,1
r858,1
ra,1
rad001,1
radiolabeled_emetine,1
radix_isatidis_polysaccharides,1
raltegravir,1
ramipril,1
rapalog,1
rapamycin_adjuvant,1
rasb,1
raviglione,1
rb1,1
rbd,1
recebeu_amoxicilina,1
red_food_coloring,1
refine_red,1
regorafenib,1
remdesvir,1
remedesevir,1
remicade,1
remidisvir,1
remifentanil,1
reninangiotensin,1
res,1
reserpine,1
resiniferatoxin,1
resuscitate,1
retweets,1
rfu,1
rgd,1
rhace2,1
rhoifolin,1
ribaverin,1
riboldazzi,1
ribonucleoside,1
ribonucleoside_5,1
rifampicin,1
rifn,1
rimantadine,1
ripa_buffer,1
rlu,1
rn,1
rnu,1
ro,1
roc,1
rogerio_esteves,1
rotinavir,1
rountine,1
rpa,1
rs,1
rscu,1
rstan,1
rt,1
rtx,1
ruiolitinib,1
rutin,1
rvd,1
s_modified_eagle's_medium,1
sa,1
sa2,1
saakvitne,1
sace2,1
sacubitril,1
safinamide,1
saikosaponin,1
sal_i,1
salicylamide,1
salicylanilide,1
salt_mycophenolate_sodium,1
samaritans,1
sars,1
savlon,1
sb,1
sbdiem,1
scl,1
scutellarein,1
sds2,1
se,1
sebastopol,1
selamectin,1
selamectine,1
selen,1
selenocysteine,1
semen_armeniacaeamarae,1
sepd,1
ser139,1
ser487,1
ser494,1
ser692pro,1
ser82,1
seria_util,1
seurat,1
sevoflurane,1
shikonin,1
shionone,1
short,1
sia,1
sialosides,1
sid_26681509,1
sil,1
sildenafil,1
silicon,1
silicone,1
siloxane,1
siltuximab,1
simvastatin,1
sirukumab,1
so2,1
sodium_bicarbonate,1
sodium_chlorite,1
sodium_cholate,1
sodium_dodecyl_sulfate,1
sodium_sulfite,1
sodium_taurocholate,1
sodium_valproate,1
solriamfetol,1
sphingolipid,1
sphingolipids,1
spironolactone,1
srr10168376,1
ssa,1
ssrs,1
starch,1
steel,1
steroide,1
sterol,1
sterols,1
stilbene,1
stilbenoid,1
streptomycin_sulfate,1
stz,1
su,1
substituted_4,1
succinylcholine_choline,1
sufentanil,1
sugars,1
sulbactam,1
sulfasalazine,1
sulfonylurea,1
sulfur,1
sulfur_dioxide,1
sull'uso,1
sulphadoxine,1
sulphasalazine,1
sulphated_glycosaminoglycans,1
sulphonamide,1
sulphoxide,1
superose,1
superoxide,1
sur,1
suramin_sodium,1
suxamethonium,1
sybr_green_ii,1
t333,1
ta,1
tabaxin,1
tacroliumus,1
tadalafil,1
taiwanhomoflavone_a,1
talampicillin,1
tamiflu,1
tannic_acid,1
tanshinones,1
targocid,1
taxane,1
taxol,1
tbl,1
tc,1
tcr,1
tcs,1
tdf,1
te_buffer,1
tegafur,1
tegobuvir,1
tehozol,1
telbivudine,1
teneligliptin,1
teniposide,1
tenofovir_disoproxil_fumarate,1
tenofovor,1
terminal_prohormone,1
ternate,1
terpine_trilactones,1
tert,1
tethered,1
tetracyclines,1
tetrahydrocannabinol,1
tetramethylbenzidine,1
tex,1
tf,1
tgg,1
tgn1412,1
theaflavin,1
thiabendazole,1
thiamine,1
thiazide,1
thiazolide,1
thiazolides,1
thiobenzophenone,1
thioethers,1
thioformaldehyde,1
thioguanine,1
thioketone,1
thiophenecarboxylate,1
thiosemicarbazone,1
thiothixene,1
thju,1
thl,1
thr24,1
thr25,1
thr26,1
thr487,1
thromboxane,1
thromboxane_b2,1
thromboxanes,1
thses,1
thu,1
thymines,1
thyopentin,1
thyroxine,1
ticagrelor,1
tilorone_dihydrochloride,1
tilorone_hydrochloride,1
tinzaparin,1
tio2,1
tirofiban,1
tjn,1
tmc310911,1
tmz,1
tmz_temozolomide,1
tnbp,1
topol,1
topotecan,1
toremifene,1
tosyl,1
tosylsulfonyl_phenylalanyl_chloromethyl_ketone,1
tpe,1
tqg,1
trans_retinoic_acid,1
transamp,1
tri,1
triamcinolone_acetonide,1
triazavirin,1
triazine,1
triazol,1
triflupromazine,1
triglyceride,1
triglycerides,1
trihydroxy,1
trihydroxyanthraquinone,1
trioxaadamantane,1
tripeptide,1
triphosphate_nucleoside,1
triptolide,1
triterpene_saponine,1
triterpenes,1
triterpenoids,1
triton_x,1
trp,1
tryglicerides,1
trypsin_mem,1
tryptanthrin,1
tryptophan,1
tryptophans,1
tunicamycin,1
tween,1
tween_pbs,1
tweet,1
tweeters,1
ty,1
tyh2018322,1
tyh2019263,1
tylenol,1
tylophorine,1
tyr,1
tyr442,1
tyr491,1
tyrosine_y,1
tzd,1
u,1
uav,1
ub,1
udp,1
uhc,1
umefinovir,1
ump,1
unani,1
unfractionated_heparin,1
unsaturated_fatty_acids,1
upadacitinib,1
uracil,1
uracil_triphosphate,1
urapidil,1
uric_acid,1
uridines,1
urushiols,1
val470,1
valinomycin,1
vaxart,1
vcg,1
veletonavir,1
velpatasvir,1
venetoclax_a,1
venturi,1
verkauferin,1
versed,1
vibsanol_b,1
vina,1
vincristine,1
viniferin,1
vinyl_chloride,1
viralzone,1
vit,1
vita,1
vitamin_a_,1
vitamin_b12,1
vitamin_b6,1
vitamin_e,1
vitamin_k,1
vitamina_c,1
vitaminc,1
vitamine_c,1
vx,1
wax,1
wo2004096852,1
wo200505824,1
wo2005058815,1
wo2005081716,1
wo2009114512,1
wo2010063685,1
wo2013049382,1
wo2014028756,1
wo2017095875,1
wo2018042343,1
wuhan,1
x,1
xylene,1
y453,1
yakatabune,1
yll,1
ym201636,1
yo,1
yohimbine,1
z,1
zarademp,1
zh_mikrobiol_epidemiol,1
zinc_acetate,1
zinc_oxide,1
zn,1
zn2,1
znal42,1
zolmitriptan,1